enterprise_id,p_A,p_B,p_C,p_D,cri,rating_predicted,prediction_entropy,risk_loss_coefficient,recommended_rate,customer_loss_rate,unit_expected_benefit,vulnerability,loan_yuan,selected,target_domain_shift_score,transfer_confidence
E124,0.7311413206405045,0.16092961846743206,0.09290726379036236,0.015021797101701083,13.060317911775332,A,0.8067673588799241,0.04060329000927351,0.0985,0.6874703554876431,0.018094438191836773,0.4831677704194261,1000000.0,True,1.0745162720249088,常规
E125,0.8332027761891381,0.09518463129108909,0.06057675905310825,0.011035833466664577,8.31485499324331,A,0.595491563033348,0.03368159651899463,0.0745,0.5041130894526955,0.02024131199566909,0.3181567328918322,1000000.0,True,1.192582545669293,常规
E126,0.8267670708130035,0.08892848168732774,0.06931445612050259,0.014989991379166191,9.084245602194382,A,0.6204487327417934,0.03782524804345149,0.0985,0.6911636560005505,0.018738568567333885,0.42604856512141276,1000000.0,True,0.7439081661261362,常规
E127,0.5713440531102694,0.3059222865175221,0.10282568938100552,0.019907970991202943,19.043252608438067,A,0.9940313321534815,0.0488233178361267,0.0985,0.6784768155333301,0.01597220504306717,0.3984547461368653,1000000.0,True,0.804391523720088,常规
E128,0.06539198975461687,0.44639728969922515,0.4351257827733906,0.0530849377727674,49.19678895214361,B,1.0563141036422157,0.10144049270220852,0.1425,0.8000127520941418,0.008211377864855814,0.4729580573951435,0.0,False,0.7809727468761927,常规
E129,0.7303524126164974,0.0610244506750174,0.18812144082965615,0.020501695878829,16.625747332360557,A,0.7941345090831579,0.04891800935968246,0.0985,0.6823535527905402,0.015749543172469554,0.3222958057395144,1000000.0,True,0.9291567300147479,常规
E130,0.05494021337791165,0.31099800633649494,0.5386680679717922,0.09539371231380116,55.81717597404943,C,1.0800462799985562,0.14490466565800303,0.15,0.8083570948725434,0.0009764846758959951,0.5496688741721854,0.0,False,0.9248949964935135,常规
E131,0.5953569234801256,0.10354152013237715,0.2702962973625571,0.030805259024940163,24.551663064410395,A,1.0043742348157443,0.0641097720199924,0.1225,0.7790978577853568,0.012898526445185077,0.2742825607064017,0.0,False,0.9386640420831689,常规
E132,0.6991788122833564,0.11098433989664785,0.16571077642697551,0.024126071393020185,17.15947023098865,A,0.8819081258190402,0.052233998386852776,0.1225,0.7875385843186056,0.014928814177000403,0.34381898454746135,1000000.0,True,0.7327827941046225,常规
E133,0.09927335085650232,0.33251183234119913,0.35009418874698317,0.21812062805531537,56.23540313337039,C,1.2950076506555066,0.2533265982985102,0.15,0.6994885944870877,-0.03105082128155339,0.5612582781456954,0.0,False,0.7240305485280464,常规
E134,0.7158218795539522,0.06545623550364946,0.1976699578942907,0.021051927048107707,17.465064414551797,A,0.8195049655582766,0.05005025229671517,0.0985,0.6813374148472909,0.015439121853125275,0.2985651214128035,768147.455957636,True,0.7262332351986318,常规
E135,0.7658143596771302,0.13794594926044745,0.0838599796377496,0.012379711424672726,11.426834760332161,A,0.7398111925459121,0.03710298559763284,0.0985,0.6905885002669276,0.01899694230536947,0.3589955849889625,1000000.0,True,0.6631194690091888,常规
E136,0.0494127312653241,0.5703565499572327,0.31113326665436203,0.06909745212308113,46.66384798784001,B,1.0167661140390098,0.11275846842578235,0.1465,0.8112487489977669,0.006368756295364927,0.695916114790287,0.0,False,0.8214674927451093,常规
E137,0.13109046416119433,0.6896264059785963,0.15542242162559064,0.02386070823461873,35.73511246445445,B,0.9010951929363541,0.06335008929798533,0.1425,0.8280029141405042,0.01361355398678584,0.4277041942604856,1000000.0,True,0.7252307550241476,常规
E138,0.7667187691331483,0.10730071611233447,0.10272279648469777,0.023257718269819476,12.750648796372948,A,0.7644190451002494,0.04794826372184146,0.0985,0.6830162576015751,0.016024078550188916,0.29194260485651213,1000000.0,True,0.6878349992138048,常规
E139,0.8227702089686024,0.07826327824083262,0.0824433372334889,0.016523175557076022,9.757315979301282,A,0.6334378426266372,0.039783973094666046,0.0985,0.6897991880263918,0.018213759221898815,0.31456953642384106,1000000.0,True,0.6831247179089566,常规
E140,0.4662525162008222,0.4534920555388642,0.06430602217404593,0.015949406086267666,20.998410604858634,A,0.9568412583106403,0.04599164518809901,0.0985,0.6780542786817533,0.016904840165151896,0.4624724061810154,1000000.0,True,0.5812444142713342,常规
E141,0.615700900554657,0.1039997786283493,0.24953293800354004,0.030766382813453674,23.178826769193012,A,0.9875015921743314,0.0629694868673335,0.1225,0.7797485760693068,0.013111680284794626,0.2740066225165563,1000000.0,True,0.8079254074962142,常规
E142,0.1125506784978032,0.5475402835878981,0.3218067448557259,0.018102293058572822,41.51535508250228,B,1.013131385477531,0.0637955184795859,0.1425,0.8316281251788926,0.013251621110415323,0.44094922737306846,1000000.0,True,0.5910560371805463,常规
E143,0.05942610474151061,0.47981469393328746,0.44123162504340335,0.019527576281798593,47.362022428849656,B,0.9579840104011217,0.07016916114905913,0.1425,0.8280951120157092,0.01243402475048078,0.4561258278145695,1000000.0,True,0.669195181973432,常规
E144,0.14639319179519059,0.6773270825844298,0.15491574685261916,0.021363978767760534,35.04168375309832,B,0.9162410819417445,0.060667315458940635,0.1425,0.8306666840053494,0.013856999830081766,0.4853752759381898,1000000.0,True,0.672374279322984,常规
E145,0.7076969476275587,0.1283690393142886,0.1428271598567795,0.021106853201373163,15.911463954398902,A,0.867592897449786,0.04846137236332218,0.0985,0.6818234108023967,0.015921119869567082,0.37913907284768217,1000000.0,True,0.7548544480597048,常规
E146,0.741510805705522,0.1603698873506118,0.08210576295068203,0.01601354399318418,12.420734841050947,A,0.7867296636465102,0.04096730744494739,0.0985,0.6873216339796167,0.017989228300866925,0.5,1000000.0,True,0.6712756703146796,常规
E147,0.7325441537127432,0.14814280856560583,0.099257733330745,0.02005530439090599,13.560806279993793,A,0.8185715770719846,0.04552298232960073,0.0985,0.6840356574968636,0.016738848556004746,0.3625827814569537,1000000.0,True,0.895276196993002,常规
E148,0.25434458445269303,0.26782959899179337,0.43720764247482746,0.040618174080686076,42.13664687278355,C,1.192898598981008,0.08587793392097653,0.1425,0.8173800421306168,0.010340319321828696,0.5317328918322296,0.0,False,0.8511665703293194,常规
E149,0.08962110313149593,0.653749576627748,0.23844960021013914,0.018179720030616894,39.50626457132923,B,0.9087396172037742,0.06159283125804525,0.1425,0.8310126180239584,0.013672290628796756,0.647075055187638,1000000.0,True,0.5386850883032327,常规
E150,0.7756511792961382,0.13109088322503248,0.08125736053937876,0.01200057693945047,10.986911170738047,A,0.7204579353537538,0.03645753354516476,0.0985,0.6912241564903491,0.019157214913010975,0.2726269315673289,1000000.0,True,0.6926280931893605,常规
E151,0.0538427294161204,0.5933114731565852,0.31560902964598236,0.037236767781312116,44.541327859749536,B,0.953543959409817,0.08281668389874225,0.1425,0.8133718978713995,0.011138584012719076,0.6385209713024284,0.0,False,0.6304111764989851,常规
E152,0.22629122098846405,0.28218930539206705,0.4104283986921847,0.08109107492728419,44.87731091860964,C,1.2624970771571773,0.1236799171043175,0.15,0.8260368750945155,0.004578723868304321,0.4116997792494481,0.0,False,0.6555213442665746,常规
E153,0.10455764596407907,0.4702555134090294,0.30517830762613624,0.12000853300075531,48.021257588785595,B,1.207535685296857,0.15936066422198325,0.15,0.7861762171506365,-0.002001532633927154,0.6912251655629138,0.0,False,0.9936812279064833,常规
E154,0.13708460892711094,0.31855933183488494,0.511219582048861,0.033136477189143185,48.013597583334544,C,1.0927293341464,0.08368965351619823,0.1425,0.8191908242147272,0.010633450275382513,0.6142384105960265,0.0,False,0.7294496912458972,常规
E155,0.5159543531631118,0.3519820420153682,0.11046473953744582,0.02159886528407428,21.25693723141609,A,1.035151417059487,0.051808467955725135,0.1025,0.6995895893132875,0.015228263959759255,0.4533664459161148,1000000.0,True,0.6073487397974426,常规
E156,0.11062383280838096,0.6506035109779552,0.2155107783541195,0.02326187785954438,38.38035670882757,B,0.9414571627042616,0.06518890487420227,0.1425,0.827562997051219,0.013331293538180664,0.6788079470198675,1000000.0,True,0.6173963325345418,常规
E157,0.07593641708437025,0.6791151940621409,0.21920669221538894,0.02574169663809987,39.82512228024061,B,0.8854510813790248,0.06836030618203703,0.1425,0.8241996252068704,0.01303378596024576,0.47350993377483436,1000000.0,True,0.817220144061888,常规
E158,0.04950130896833457,0.6737143027165112,0.23779923521054208,0.03898515310461215,42.20894108171439,B,0.8829198008226161,0.08198715021229855,0.1425,0.8120017302730645,0.011376311056333825,0.652317880794702,0.0,False,0.6845090704934468,常规
E159,0.60819102126609,0.25082514017033575,0.1192631662540923,0.021720672309481923,18.48378298689887,A,0.9861068805998476,0.05031273117983263,0.1025,0.7026725430599429,0.015516707922947497,0.33305739514348787,1000000.0,True,0.7508827811650891,常规
E160,0.31846462375256845,0.47948075356227055,0.16337954328516507,0.038675079399995975,30.74216927775295,B,1.138628601892281,0.07369998091550642,0.1425,0.8222703075557011,0.012227806232048938,0.4823399558498896,1000000.0,True,0.6762361088118428,常规
E161,0.821222438273955,0.10525538203734613,0.05450129600337085,0.01902088368532798,9.044020836669059,A,0.6326554510989103,0.04124638604841042,0.0985,0.6884735029344712,0.01783601779868079,0.4100441501103753,1000000.0,True,0.6165215574454086,常规
E162,0.3905434070379801,0.38326004771966193,0.1981262293864683,0.028070315855889726,28.790781802008926,A,1.1557907958154074,0.06337554354391016,0.1225,0.7769961965554405,0.013184978666300274,0.4056291390728477,0.0,False,0.9097690065100151,常规
E163,0.1876780271883068,0.5724942917659769,0.19229406390712006,0.04753361713859628,36.65610903320019,B,1.0951440263532382,0.08568863963932104,0.1425,0.8099530921650335,0.01079682336644502,0.4834437086092715,0.0,False,0.6951776242194074,常规
E164,0.7165253411426044,0.14479702009871132,0.11391610100526618,0.024761537753418123,14.897127845649932,A,0.8576955563561215,0.05076738289105802,0.1025,0.7042748606127802,0.015298635405407535,0.4370860927152318,1000000.0,True,0.6449123898379794,常规
E165,0.6786646933358391,0.13455528508459888,0.15987435282212847,0.026905668757433537,17.834033233371883,A,0.9233414402695375,0.0550813676659186,0.1225,0.7849014250987238,0.014501651736854006,0.3576158940397351,1000000.0,True,0.8516768731784128,常规
E166,0.06314946060105354,0.34697494427822445,0.5182951765998479,0.07158041852087406,53.27688510135141,C,1.0710903565396959,0.12164275329715449,0.15,0.829560132241338,0.004833205378032744,0.7781456953642384,0.0,False,0.718517241379112,常规
E167,0.6305568555886842,0.16902732156477668,0.17563936884688938,0.024776453999649756,19.82118070858349,A,0.9883749232429722,0.05458758880221842,0.1225,0.7853548177281645,0.014577071880067667,0.34547461368653415,1000000.0,True,0.8526613424847767,常规
E168,0.15318123653871038,0.5021532661731556,0.3144524325180255,0.030213064770108503,40.723244183984406,B,1.1028237987043545,0.07411865789611968,0.1425,0.8229062810439357,0.012109906180383065,0.527317880794702,1000000.0,True,0.7765998440695242,常规
E169,0.6968959711653013,0.1954379997396283,0.08953818095133391,0.018127848143736486,14.29659686911685,A,0.859479283804251,0.04412229259202642,0.0985,0.6842369617465014,0.017170470104401515,0.25662251655629137,1000000.0,True,0.8188216840663742,常规
E170,0.09018716316879351,0.7386284553106329,0.15286326579224244,0.01832111572833116,36.64394446933704,B,0.801142008854406,0.05889276991251268,0.1185,0.7603935718416628,0.014282275493675006,0.5576710816777042,1000000.0,True,0.6948138497145702,常规
E171,0.6504664493776834,0.11202434575584917,0.2117706262890692,0.02573857857739827,20.426044468872746,A,0.9478872976722331,0.056274381305445445,0.1225,0.7848035353259103,0.014251519013922442,0.2637969094922737,1000000.0,True,0.7660821464085782,常规
E172,0.3308107213756534,0.561008863286931,0.09361839917427153,0.01456201616314405,26.397723670830203,B,0.9735448409859955,0.04844240263518293,0.0985,0.6738482492819181,0.01632637301727593,0.2693156732891832,1000000.0,True,0.6455084003384781,常规
E173,0.6264635850511836,0.19527928312928286,0.1461963935248957,0.032060738294637896,19.461809502099598,A,1.0033292585944726,0.060559714458113104,0.1225,0.7797006683014498,0.013645403510095053,0.3543046357615894,1000000.0,True,0.7670114526461692,常规
E174,0.5948203483047126,0.2727311678571239,0.11163645757532015,0.02081202626284334,18.614672059876476,A,0.9887103908156242,0.04948127065774771,0.0985,0.6785548756327723,0.015756831549743763,0.37969094922737306,1000000.0,True,0.6482884545268054,常规
E175,0.20551699741648524,0.3665613327234239,0.3683431836770931,0.05957848618299778,42.73277195422012,C,1.2289694541065899,0.10246560304433648,0.1425,0.7998408008247274,0.008013252834110578,0.488962472406181,0.0,False,0.7605522168825071,常规
E176,0.48181219363434746,0.3447947989003517,0.14722167979410186,0.026171327671198976,23.92507138340508,A,1.0963533427553442,0.058028862980068485,0.1225,0.7809838122114765,0.01412022265249695,0.2784216335540839,1000000.0,True,0.6440789992959658,常规
E177,0.2365113979058176,0.4248340193157497,0.29353884299902383,0.045115739779408866,38.241964155067464,B,1.2042704939685671,0.0857436729914661,0.1425,0.813422874193714,0.01058943236457394,0.5907836644591611,0.0,False,0.689935741076483,常规
E178,0.6711584292101203,0.15537191840612188,0.15262736294813065,0.020842289435627184,17.438450420308822,A,0.9244945685135408,0.04928821310901048,0.0985,0.6805870439577739,0.015718882322971035,0.3129139072847682,1000000.0,True,0.7776326939097526,常规
E179,0.2944531098834707,0.4446239405181417,0.21964576513103,0.041277184467357626,33.59156747274248,B,1.1848827476972192,0.07849963603873389,0.1425,0.8190134228855347,0.011583206807429533,0.45060706401766004,0.0,False,0.5717958915217335,常规
E180,0.5875447217361712,0.1530670329014351,0.22668426553355855,0.032703979828835134,23.484916781835253,A,1.0480465465902566,0.06462069708879065,0.1225,0.7777192428324565,0.012865455275433217,0.293598233995585,0.0,False,0.7812484076275604,常规
E181,0.10958227229462598,0.3030247311250377,0.5371704557530835,0.05022254082725277,50.934442170432106,C,1.0881380993726812,0.10119903192072355,0.1425,0.8036865573976179,0.008107935226453852,0.3349889624724061,0.0,False,0.7649205843621132,常规
E182,0.588209104014187,0.2955619450570539,0.09516395593580965,0.02106499499294948,18.30282806358405,A,0.97755433291074,0.04931262163490923,0.1025,0.7024444450178546,0.015826199887469937,0.34492273730684325,1000000.0,True,0.6714618643010444,常规
E183,0.1158489520187144,0.47470578878899355,0.3570513823785978,0.05239387681369427,44.8663394662424,B,1.1256192774329057,0.09717631568679153,0.1425,0.8026897426860823,0.008942827814253936,0.358719646799117,0.0,False,0.748293258036111,常规
E184,0.04444157712988849,0.7551139607189483,0.17885577711994904,0.021588685031214142,39.25305233508296,B,0.7411212314919431,0.06376876821665642,0.1425,0.826698313235677,0.013644255269086318,0.5800220750551878,1000000.0,True,0.5260839063037065,常规
E185,0.7277813052238742,0.10847691444001005,0.14155068018031275,0.02219110015580299,15.271719175601483,A,0.8334572847396168,0.049026324775773344,0.0985,0.6818103151727116,0.015742013126844305,0.4555739514348786,1000000.0,True,0.7076106073501658,常规
E186,0.0523735343519929,0.5075501411521866,0.37221978639966863,0.06785653809615194,48.51864427466598,B,1.0490805966733252,0.11354293589414634,0.1465,0.8126971499289357,0.0061729520370011615,0.4608167770419425,0.0,False,0.6224793080164774,常规
E187,0.04017318725327868,0.24898734317738797,0.3935586751467187,0.31728079442261464,66.26490255795564,C,1.206550873938111,0.3493403270930756,0.15,0.6099111178175777,-0.07776044536961631,0.5880242825607064,0.0,False,1.2429093061135434,常规
E188,0.611626771612172,0.19797162106506322,0.15774378885673532,0.032657818466029394,20.38108847255407,A,1.0243998969353234,0.0618082753402943,0.1225,0.778801201099176,0.01342493659794642,0.25165562913907286,1000000.0,True,0.8133419449030255,常规
E189,0.08103275133043478,0.786243780239147,0.1124436981289076,0.020279770301510628,35.73234958004981,B,0.7174865672661611,0.05959302642940206,0.1185,0.7581621692142057,0.014245934706469524,0.455849889624724,1000000.0,True,0.5510215297318838,常规
E190,0.3409334915598186,0.559914870264683,0.08240224175446505,0.01674939642103325,25.832251434557097,B,0.9657843079385788,0.049923568285086414,0.1065,0.7180975718133965,0.015949033478567704,0.608167770419426,1000000.0,True,0.578711000960104,常规
E191,0.03844962877936242,0.325116773562233,0.6143138190216497,0.022119778636754853,54.00345825052657,C,0.8742050058404149,0.07874803337033846,0.1425,0.8245621580557675,0.011184507445208542,0.668046357615894,0.0,False,0.9169633714322645,常规
E192,0.06787616557251913,0.38280891231271885,0.44452734456874893,0.10478757754601307,52.87421113627519,C,1.1469518453981007,0.15037927326813377,0.15,0.7996281341828918,-7.599569239051876e-05,0.6156181015452539,0.0,False,0.7823510885828767,常规
E193,0.5512096450093282,0.10562025325358669,0.310783425294859,0.032386676442226064,27.478237772332758,A,1.0400332650161184,0.0678431058138683,0.1425,0.8355212368142763,0.012279473619022388,0.3642384105960265,1000000.0,True,0.8579463947495468,常规
E194,0.6614049089353623,0.1285730304728691,0.1878503564518883,0.022171704139880285,19.026295193209553,A,0.9357110762489413,0.05190207116271212,0.1025,0.7041823404365817,0.014967760887402889,0.4552980132450331,1000000.0,True,0.6862670457778665,常规
E195,0.6135394630351985,0.19646211151464016,0.15952626019275057,0.030472165257410755,20.23103758907912,A,1.0186150245952275,0.05976975172134294,0.1225,0.7805632109359493,0.013765324259459201,0.3228476821192053,1000000.0,True,0.7961877185984891,常规
E196,0.6203258130002888,0.15713326867123348,0.19109037803248136,0.03145054029599637,21.122188187472844,A,1.0120667962092638,0.061591676123987596,0.1225,0.7797253008279161,0.013416562718864487,0.34409492273730685,1000000.0,True,0.6419235097197222,常规
E197,0.6413619386870761,0.11416643624039217,0.21828783601305224,0.026183789059479386,20.976449181497827,A,0.9602191291538535,0.05709601010568222,0.1225,0.7841931945643378,0.014114626121839053,0.31953642384105957,1000000.0,True,0.7913813657321218,常规
E198,0.2017373651783873,0.6621083218487597,0.11913144198451764,0.01702287098833534,31.714660626093362,B,0.9187363968339471,0.054259959917853276,0.1065,0.7085516654126791,0.01522527268071655,0.46743929359823405,0.0,False,0.6246635528859671,常规
E199,0.05190763133970727,0.29035585469702213,0.6099426013989165,0.047793912564354106,55.12075983959724,C,0.9595100262664715,0.10249981784558965,0.1425,0.8033984157190843,0.007864099183082285,0.7969094922737306,0.0,False,0.8483483245692645,常规
E200,0.49421253340120863,0.3616953458479108,0.1224266651791831,0.02166545557169751,22.38483476404565,A,1.0562916020285376,0.052713491525201384,0.1225,0.7850133603825836,0.015003166947629303,0.4817880794701987,1000000.0,True,0.541011704895124,常规
E201,0.3180800247979154,0.3677287845126665,0.27611773074680923,0.03807345994260885,34.47282086113705,B,1.2120016446375987,0.07685810102886881,0.1425,0.8223833312834783,0.011659095423478793,0.3576158940397351,0.0,False,0.6537500218164612,常规
E202,0.035257133404485136,0.4634359323571496,0.4409902543987621,0.06031667983960316,50.87888268911611,B,1.0047919376828527,0.10906370073318764,0.1425,0.7927969903464904,0.006928101839758956,0.5717439293598234,0.0,False,0.7812923174936096,常规
E203,0.0353101516920808,0.4769681433677477,0.46273887452497564,0.02498283041519589,49.24647945544288,B,0.9199235209840014,0.07651141757281604,0.1425,0.8225440280067287,0.011710068035074031,0.5074503311258278,0.0,False,0.5259142673179873,常规
E204,0.5556654334068298,0.16342425346374512,0.24365347623825073,0.037256836891174316,25.41672388712565,A,1.0891431862699075,0.07012366511992045,0.1425,0.8317995899903621,0.012173729201824237,0.3211920529801325,1000000.0,True,0.8570515489351099,常规
E205,0.6250359392723592,0.23799876780063373,0.11601731882982955,0.020947974097177482,17.762577591727506,A,0.9662600196023093,0.049131120780219584,0.0985,0.6794496999751327,0.01582520904579205,0.42660044150110377,1000000.0,True,0.6919350097023146,常规
E206,0.2273644456111391,0.5294962407016104,0.20517411369441196,0.037965199992838504,35.12466893563166,B,1.1226035699942833,0.07628650924119508,0.1425,0.8194239367334305,0.011956571496362369,0.43294701986754963,0.0,False,0.7430783156243365,常规
E207,0.03998192012316763,0.5347313264953668,0.37357979873724356,0.05170695464422198,47.900392930083996,B,0.9844517611406747,0.0986376392296454,0.1425,0.8004618484758633,0.008752214389601363,0.5242825607064018,0.0,False,0.6802535460275554,常规
E208,0.589682588925852,0.2728218779999705,0.11428010655291557,0.023215426521261854,19.034279022319573,A,1.0010748819876192,0.0519371781292801,0.1025,0.7009953200926162,0.015118520368668665,0.451710816777042,1000000.0,True,0.66212695954065,常规
E209,0.5428271192530707,0.19082532467645918,0.23021572399482645,0.03613183207564369,25.321742296434767,A,1.1058358656077978,0.06888595269918817,0.1425,0.8323287151716955,0.012342961892338699,0.3236754966887417,1000000.0,True,0.7882399398526359,常规
E210,0.027751583916152834,0.4272426116530889,0.48000324308875847,0.06500256134199979,52.74189272855351,C,0.9927807150567259,0.11491642818907727,0.1465,0.8147979504192321,0.005849342232464257,0.652317880794702,0.0,False,0.5981008700369572,常规
E211,0.7246817352511057,0.11354160868408013,0.13825671731811842,0.023519938746695772,15.353828652013476,A,0.8421417683852335,0.050232750001927756,0.0985,0.680855901390275,0.015404207993005022,0.34823399558498896,0.0,False,0.577888130714453,常规
E212,0.8423540921685024,0.0670011814814523,0.07699331942360793,0.013651406926437366,8.73140137026601,A,0.5816487517877524,0.03649690748254984,0.0985,0.692494474550004,0.019066293544103226,0.3170529801324503,1000000.0,True,0.6431866121192684,常规
E213,0.5577090968234295,0.22918362872827122,0.18595264817410587,0.027154626274193402,22.751760129968773,A,1.0740433793939508,0.05866771172693712,0.1225,0.781702313870822,0.01393444083034029,0.293598233995585,1000000.0,True,0.6950587186590956,常规
E214,0.5542490954492443,0.2636056185452874,0.15052668413832745,0.031618601867140786,21.983826414112155,A,1.0728013570454047,0.061774118751915075,0.1225,0.7783372273803432,0.01346066720722253,0.30960264900662254,1000000.0,True,0.636921367279821,常规
E215,0.048374583073184665,0.41089478976995253,0.51957006326927,0.021160563887592784,50.45055359904236,C,0.9337506463268076,0.07451697758719272,0.1425,0.8260516045442277,0.011825537666941633,0.6258278145695364,0.0,False,0.6059182629523473,常规
E216,0.07116709917408308,0.7815913629954885,0.12590063264142204,0.02134090518900643,36.580511461511726,B,0.7236776796157048,0.06123903674249375,0.1425,0.828055618657087,0.013972366054641095,0.4795805739514349,1000000.0,True,0.5287917731790986,常规
E217,0.029181961296297177,0.2030164920130725,0.15187265148616566,0.6159288952044647,78.48494935329326,D,1.0115684540584566,0.6227877969027085,0.15,0.34270376990983165,-0.31076163653678646,0.5827814569536424,0.0,False,1.3198496306351737,常规
E218,0.05356629192829132,0.2632627487182617,0.4881536364555359,0.19501732289791107,60.82073301076889,C,1.1769864719971017,0.23706712459224266,0.15,0.7195845279065569,-0.024414968846352365,0.5295253863134658,0.0,False,1.111828689786081,常规
E219,0.28964749194419004,0.4028580516789708,0.2417288887629575,0.06576556761388158,36.120417734884356,B,1.2473979471794996,0.10238342255000978,0.1425,0.7980985650882094,0.008099594550903005,0.4848233995584989,0.0,False,0.6195437151423954,常规
E220,0.10502469344018599,0.4566086445635437,0.41693594275161733,0.021430719244653,45.15908959335791,B,1.041729778573376,0.07022055552677332,0.1425,0.8282249904835799,0.01241580226223007,0.3333333333333333,1000000.0,True,0.7609605694213274,常规
E221,0.35434935563033204,0.3617545766925761,0.2537005704691325,0.030195497207959332,31.9914069751573,B,1.189117665764376,0.06795436121295034,0.1425,0.8304228499392264,0.01264123697496774,0.5088300220750552,1000000.0,True,0.5526736009741753,常规
E222,0.3308487261149937,0.43263316476816804,0.18731914600222666,0.04919896311461153,31.828944870548533,B,1.190368142341263,0.08414267292528552,0.1425,0.8137574396022986,0.010868618012360921,0.3256070640176601,0.0,False,0.745425106867324,常规
E223,0.03351308324249446,0.5854885436383056,0.35295980314076425,0.028038569978435693,45.85079532850471,B,0.8950089281337383,0.07580645114390094,0.1425,0.820270824703058,0.011986776533532991,0.5963024282560706,0.0,False,0.6562626495225611,常规
E224,0.20511523424111147,0.6691956804508492,0.10756258165638048,0.018126503651658833,31.29001182395289,B,0.9062664010927748,0.054848082567485565,0.1065,0.7078957303347609,0.015087745618433856,0.4072847682119205,0.0,False,0.7424633996428136,常规
E225,0.5503899414063249,0.13187600573989744,0.28626134778364487,0.03147270507013272,26.627227217252848,A,1.0627427061797046,0.06619103597387964,0.1225,0.7774094767878664,0.012533841764107339,0.3038079470198676,0.0,False,0.7485628590308718,常规
E226,0.032066982717320065,0.5566576802232516,0.3816273269299765,0.029648010129451903,46.96187881571867,B,0.9083389472196656,0.07829668017677355,0.1425,0.8187633358723383,0.011635995510682933,0.5038631346578367,0.0,False,0.5766855947380187,常规
E227,0.4678265109042988,0.34516333417917916,0.16137725986529242,0.025632895051229666,24.827217968781763,A,1.1108208585604298,0.058276741974062365,0.1225,0.7809846256830638,0.014065880896403907,0.3647902869757174,1000000.0,True,0.6929615335903971,常规
E228,0.598013638904809,0.21191153779025554,0.1561140857075143,0.03396073759742113,20.86739739991825,A,1.0410668307959667,0.0632617877090447,0.1225,0.7774641232112666,0.013182627511564864,0.26600441501103755,1000000.0,True,0.7135614784909607,常规
E229,0.06654484570026398,0.35607609152793884,0.5415580868721008,0.03582097589969635,51.555173099040985,C,0.9994127434158528,0.08867081197817903,0.1425,0.8142643427027331,0.009997999619011082,0.39459161147902866,0.0,False,0.7467000074610215,常规
E230,0.3028413664655438,0.32418424011835545,0.3358489287489985,0.03712546466710219,36.9086163872553,C,1.2156467873323018,0.0782486707340815,0.1425,0.8224289078013756,0.011409178712962589,0.6390728476821192,0.0,False,0.6474570879884913,常规
E231,0.03567840478303425,0.5466616072258114,0.37102198047903207,0.04663800751212228,47.62065302400808,B,0.9598937620921487,0.093869378198984,0.1425,0.8045921254366083,0.009502806444832673,0.4795805739514349,0.0,False,0.636285314232626,常规
E232,0.027544823056921793,0.18865271264040306,0.6889091858437133,0.09489327845896181,61.70503065682384,C,0.8937763455638067,0.14995095728201382,0.15,0.8092060297798304,9.357054874967186e-06,0.9285320088300221,0.0,False,1.05502945514135,常规
E233,0.022713832557201385,0.11614225059747696,0.776071310043335,0.0850726068019867,64.11675636967023,C,0.7423968289464434,0.14367743346021397,0.15,0.81854154890707,0.0011472831312415582,0.570364238410596,0.0,False,0.8757601664098076,常规
E234,0.49437468046905314,0.24099690628618042,0.23566767002701813,0.02896074321774829,26.640482533115385,A,1.1343913684580402,0.06331216442965112,0.1225,0.7784475795922142,0.01311320822930883,0.396523178807947,0.0,False,0.44974323279807316,常规
E235,0.2237187175939347,0.6159378473204328,0.14201853217060276,0.018324902915029778,31.831654013557586,B,0.9839596945833495,0.055787480030581676,0.1065,0.7093910616685437,0.014737511588425435,0.43460264900662254,0.0,False,0.46063481837237696,常规
E236,0.0426501890833317,0.6438078292709148,0.2863003648282627,0.02724161681749071,43.271113645997076,B,0.8742851707602066,0.0726702606469906,0.1425,0.8214999148751396,0.012464614418758988,0.6539735099337748,1000000.0,True,0.41272653142805565,常规
E237,0.05374188208508054,0.39409499332806114,0.3899620967740764,0.16220102781278195,55.35407567715198,B,1.1863445944128226,0.20292861894958086,0.15,0.7477485245032195,-0.013351322226038631,0.5543598233995586,0.0,False,0.7879512365048816,常规
E238,0.4134567960595459,0.10635983159259024,0.4479907734394417,0.032192598908422146,36.63063917322467,C,1.073853810434133,0.07502200771626688,0.1425,0.8302252086350353,0.011456062061697483,0.42660044150110377,0.0,False,0.7862789776088968,常规
E239,0.2995011188127017,0.3710916610725845,0.27422842179068607,0.05517879832402767,36.169496654201325,B,1.2436128922814644,0.09328395723077948,0.1425,0.807280481950044,0.009484892042810198,0.4707505518763797,0.0,False,0.4952586675439266,常规
E240,0.039675025358422454,0.14702133177125462,0.38689227162783124,0.4264113712424917,73.33466629181306,D,1.1407470607185193,0.4518814552790455,0.15,0.5131561405197456,-0.14696913279356633,0.5673289183222958,0.0,False,1.2360684018977628,常规
E241,0.0821208373107172,0.2907896096033903,0.5875699629554518,0.03951959013044071,52.81627686352053,C,1.0045689070703299,0.09334914067346067,0.1425,0.8115526138310385,0.009262350968044657,0.43598233995584984,0.0,False,0.4803128857769733,常规
E242,0.03460248071170477,0.23641016286726496,0.1698764952686114,0.5591108611524189,75.11652456205815,D,1.0835530526153518,0.5697732793187982,0.15,0.39340050540642846,-0.2546342590786691,0.43763796909492275,0.0,False,1.1155364972428645,常规
E243,0.08321618592057135,0.6017357387589877,0.3012562532242328,0.013791822096208241,41.5207903832026,B,0.9330705071470873,0.059663975035986264,0.1065,0.7043430583146154,0.013847395901560623,0.4525386313465783,0.0,False,0.37051508088410223,常规
E244,0.10809457725004622,0.5802510207816655,0.2635424356596936,0.04811196630859475,41.72239303422789,B,1.0537378076944193,0.09022179393357849,0.1425,0.8063378255383249,0.010124311063778726,0.5695364238410596,0.0,False,0.5008479718781573,常规
E245,0.07263418084101246,0.5501831020177407,0.34978737449867536,0.027395342642571516,44.39812929809353,B,0.9851853283646904,0.07429017573664456,0.1425,0.8222433262064045,0.012124751481099746,0.5847130242825608,231852.544042364,True,0.5578207334200389,常规
E246,0.12310281911673361,0.6035293228266887,0.25380151991170796,0.019566338144869765,38.99437923615713,B,0.9876126156020179,0.06271462226531527,0.1425,0.8310050076507867,0.01348332929985214,0.3628587196467991,1000000.0,True,0.46665806456160663,常规
E247,0.08389971467777874,0.3911646633682002,0.4487084481768939,0.07622717377712707,50.57543603511231,C,1.1308706760511007,0.12329623767839662,0.15,0.8255476621289566,0.004658533766956394,0.3642384105960265,0.0,False,0.5476046721023712,常规
E248,0.25926420175311693,0.3396733619637755,0.3527524971120994,0.048309939171008114,39.67027245669995,C,1.2307010140326973,0.09023442528814482,0.1425,0.8113525510198474,0.009859767338873053,0.4271523178807947,0.0,False,0.437586930695691,常规
E249,0.02221924016879707,0.22404542064565225,0.6726603357644304,0.08107500342112027,60.419703414595794,C,0.8901461543131723,0.13651457390218003,0.15,0.8211032799390643,0.0024124984975241355,0.7036423841059603,0.0,False,0.917174216405568,常规
E250,0.6065856836981538,0.17980332739577937,0.18966788124169365,0.023943107664373173,21.032280429076206,A,1.0164375094910552,0.054759351115104785,0.1225,0.7853572339897732,0.014540040247981494,0.331953642384106,1000000.0,True,0.45385180100119876,常规
E251,0.062113967972794,0.5334973712694977,0.34690214762120086,0.057486513136507406,46.65870686404738,B,1.0392612417391986,0.10274381536758866,0.1425,0.7964772728737091,0.008091287116524692,0.5132450331125828,0.0,False,0.571968476911292,常规
E252,0.055410116404639984,0.7153854419834854,0.21248429881063058,0.016720142801244082,39.68381560028262,B,0.7974265206142029,0.06006748091630533,0.1185,0.7604926989319051,0.01399501494034566,0.47295805739514346,1000000.0,True,0.5887189417290907,常规
E253,0.529690011450946,0.23941790344065716,0.18939974339605142,0.04149234171234543,24.756480512326544,A,1.1260374003164706,0.07285817908386139,0.1425,0.827466278464735,0.012015562537153855,0.3391280353200883,1000000.0,True,0.4994309643729139,常规
E254,0.09216447294717899,0.4861302141154399,0.4047163479645074,0.016988964972873694,44.884326832102516,B,1.0056992181365434,0.06590060632959757,0.1425,0.8315482428395018,0.01290330246120803,0.47406181015452536,1000000.0,True,0.4917984020439645,常规
E255,0.07008398298142857,0.5058131199113536,0.39169579598420934,0.0324071011230085,46.21420050829326,B,1.009304476992374,0.0804430807041958,0.1425,0.81777982549917,0.01130802266306536,0.6120309050772627,0.0,False,0.4772045433115564,常规
E256,0.4937977827623321,0.2675123830699353,0.21016511477653022,0.028524719391202324,25.780559026553423,A,1.130467639351709,0.06207277427569706,0.1225,0.7789583584480614,0.013356933168529454,0.2737306843267108,1000000.0,True,0.5564471148625164,常规
E257,0.17207811452302868,0.6356100917680172,0.1645356833089947,0.027776110399959416,34.93365965286282,B,0.9873271871243701,0.06649250246444866,0.1425,0.8261545564483932,0.01321355712231558,0.4668874172185431,1000000.0,True,0.37331251081384054,常规
E258,0.20180415242631825,0.510772146754415,0.2582589277253387,0.029164773093928058,37.159477382895886,B,1.1188523821007563,0.07027727204466401,0.1425,0.8257443231986843,0.012585220340294374,0.4224613686534216,1000000.0,True,0.6079217917738992,常规
E259,0.4298300486904354,0.17015740751281933,0.36740411118244465,0.03260843261430069,33.42636425735369,A,1.1437915265312568,0.07241946701808848,0.1425,0.8307403140515254,0.011861809003620062,0.2582781456953642,1000000.0,True,0.6541379476898443,常规
E260,0.5291350543029799,0.22780311362225317,0.2114863270314745,0.03157550504329248,24.850076093835984,A,1.1114529640334818,0.06426065963061138,0.1225,0.7773579172940133,0.012966528035263531,0.2599337748344371,0.0,False,0.6115718856113034,常规
E261,0.5784701554131095,0.21357964912408015,0.1780097885203789,0.029940406942431448,21.98068156640441,A,1.0586262288983028,0.060601009791088824,0.1225,0.7800369852634446,0.013615488495500629,0.38852097130242824,1000000.0,True,0.4560582631430378,常规
E262,0.02519707707321128,0.5552657143163362,0.3998987600226186,0.01963844858783393,47.132619337502504,B,0.8631277569448024,0.06961619819298018,0.1425,0.8268996132406853,0.012616214281284371,0.4873068432671082,1000000.0,True,0.39859044442140645,常规
E263,0.1157657700532059,0.6043860563943037,0.22848157030827282,0.051366603244217615,40.514966891450065,B,1.0437491686324816,0.0919722467916442,0.1425,0.803987856500284,0.00990405321259447,0.5303532008830022,0.0,False,0.5027194119851749,常规
E264,0.013883571308559205,0.047827154977017096,0.07726369146670027,0.8610255822477234,92.84770948845292,D,0.5314552617639307,0.8514113325844119,0.15,0.12433362624769204,-0.614202318112966,0.6134105960264901,0.0,False,1.2812193428687715,常规
E265,0.5001186057907551,0.2637045642181551,0.19702127282289755,0.03915555716819231,25.840459378950904,A,1.144958101819252,0.07151856671188729,0.1425,0.8283399882649382,0.012184673671208936,0.5154525386313465,1000000.0,True,0.43602024749761203,常规
E266,0.07564472954901641,0.3393286080088457,0.5337394336753486,0.05128722876678928,52.02230538866369,C,1.0494803991865862,0.10278762850395765,0.1425,0.8015686953234464,0.007880177687759657,0.6589403973509934,0.0,False,0.4312455720813702,常规
E267,0.037931569485836765,0.316408489889033,0.6131206842231852,0.032539256401945,54.67558758470794,C,0.8996005986914537,0.08852971261980505,0.1425,0.8157543028344882,0.009943793224587036,0.7304083885209712,0.0,False,0.5407216748942146,常规
E268,0.029615093561332215,0.501507498256527,0.442283282773944,0.026594125408196802,48.86188133430017,B,0.9076136033306738,0.07747149684471027,0.1425,0.821046758126278,0.011637061453834651,0.6926048565121413,0.0,False,0.6180394065953843,常规
E269,0.04357939504870409,0.22790194623354923,0.6147526984149088,0.11376596030283793,59.95684079906268,C,1.0199540383905203,0.1649452110799512,0.15,0.7923781246940667,-0.003102952751262482,0.7370309050772627,0.0,False,0.6655476263040168,常规
E270,0.1410916139104097,0.419302043174937,0.3909499914128334,0.04865635150181985,44.905702683535445,B,1.1550058506493146,0.09425471862453194,0.1425,0.8066449699228108,0.009328467831436083,0.5474613686534217,0.0,False,0.2975477958497775,常规
E271,0.24686374616605705,0.2910551948942752,0.40910681015347067,0.052974248786197074,42.27305205199359,C,1.225861706626488,0.0967393905758288,0.1425,0.8067762001774645,0.008842038835133282,0.3882450331125828,0.0,False,0.6112621052207937,常规
E272,0.08352748474009906,0.6023926915814549,0.2956480776165074,0.01843174606193862,41.63280283334285,B,0.9465667494251282,0.06384134287416195,0.1425,0.8303857388123613,0.013341630014410808,0.4685430463576159,1000000.0,True,0.35975371351612584,常规
E273,0.4273473210952012,0.11192209726775183,0.42655434092178796,0.034176240715258994,35.58531670857016,A,1.0872344508862988,0.07589678132082694,0.1425,0.8291274133637137,0.011380664254012521,0.3932119205298013,0.0,False,0.7070553233556217,常规
E274,0.07504833433741082,0.3789229364773412,0.47667237761115744,0.06935635157409048,51.34455821406425,C,1.1003183497104896,0.11793135943757033,0.15,0.8315739594752343,0.005401194154941925,0.6109271523178809,0.0,False,0.862686979548287,常规
E275,0.6075629524041383,0.18908613708891567,0.17236356244574977,0.03098734806119634,20.892510205466806,A,1.0283776018630844,0.06080116630178893,0.1225,0.7799259986563142,0.013578309210203952,0.4685430463576159,1000000.0,True,0.36512920977163826,常规
E276,0.055544054135294584,0.4819429976399503,0.35850996981035815,0.10400297841439696,50.36572908346191,B,1.1154916036710472,0.14705890108212008,0.15,0.7990768667120675,0.000590934809890177,0.6318984547461369,0.0,False,0.40192211161499475,常规
E277,0.06330097372381428,0.27150263977791905,0.6108375696713094,0.054358816826957215,55.20847432004699,C,0.9880796847314581,0.10847567921995022,0.1425,0.7982684576490959,0.006863778708401356,0.49779249448123625,0.0,False,0.4836701606138094,常规
E278,0.07995487600649007,0.7177885041052754,0.1716799107998626,0.030576709088371897,38.429281765670545,B,0.8491519630289678,0.07126304147889145,0.1425,0.8204255740202986,0.012792335934967865,0.3217439293598234,1000000.0,True,0.4737352725038034,常规
E279,0.07765129837913366,0.3832239153500808,0.44673021962150605,0.09239456664927949,51.795601818031045,C,1.1460341150860995,0.13858198840564734,0.15,0.8109809725565945,0.002158221446902066,0.6956401766004415,0.0,False,0.5407698558171874,常规
E280,0.4597120089764597,0.29670346446417567,0.20874621440648022,0.03483831215288443,27.29036099119298,A,1.161751637479679,0.06867280452360128,0.1425,0.8304781656226221,0.012515321604096364,0.3222958057395143,1000000.0,True,0.479459264537455,常规
E281,0.07542416805051881,0.602885453252508,0.30211056683380927,0.019579811863163984,42.19486741698728,B,0.938647688213691,0.0653023040202483,0.1425,0.8291011347796988,0.01319299864056137,0.47240618101545256,1000000.0,True,0.4418340107985086,常规
E282,0.5705778683808128,0.14423866784928244,0.24332589273640354,0.04185757103350119,25.215438880753105,A,1.0761815590990262,0.07413737210050075,0.1425,0.8284589832091998,0.011726994700371227,0.3777593818984548,1000000.0,True,0.6329638401034966,常规
E283,0.13403206022936306,0.6868977180945853,0.15012844410224258,0.02894177757380902,35.79933130068325,B,0.914547668248213,0.06789897496594097,0.1425,0.8238395259743694,0.013141751932797773,0.31622516556291397,1000000.0,True,0.5180010507497018,常规
E284,0.10931119282055202,0.4481528980726268,0.4068565055472534,0.035679403559567766,45.630137328194564,B,1.0864731863397115,0.08321562996798892,0.1425,0.8163899092695094,0.010885208560477531,0.31843267108167767,0.0,False,0.4549065222288574,常规
E285,0.288392037153244,0.2727029621601105,0.38784509897232056,0.05105990171432495,40.05242884159088,C,1.2321771643598272,0.09338035830920868,0.1425,0.8099698138134689,0.00933421465591677,0.36920529801324503,0.0,False,0.48484647025413796,常规
E286,0.03485870642955994,0.6633236831304961,0.2436224009642124,0.058195209475731605,44.17180378287052,B,0.8988230915324114,0.10056783160679007,0.1425,0.795239417079099,0.008586055243331045,0.5011037527593819,0.0,False,0.504881121949036,常规
E287,0.21995955966639,0.6060697693711276,0.14518027686437907,0.028790394098103377,32.76005017980653,B,1.0188888276610666,0.06582283101696872,0.1425,0.8271006687706345,0.013257431237727154,0.2654525386313466,1000000.0,True,0.5260200160382668,常规
E288,0.18165825579371822,0.6118956990013921,0.16664132848551902,0.039804716719370706,35.48641687101807,B,1.0373283331393883,0.07768992180614304,0.1425,0.8163438740873933,0.01190276788117688,0.542494481236203,0.0,False,0.40256179373580303,常规
E289,0.5969050404318507,0.149315652172133,0.2242068006353922,0.0295725067606241,22.881559124159658,A,1.0313069523369665,0.06139775637743658,0.1225,0.7804333601718607,0.013416014318166603,0.37086092715231783,1000000.0,True,0.5353092247119284,常规
E290,0.23253806732481516,0.588301104655829,0.15613531601025712,0.02302551200909877,32.321609090121314,B,1.0280879932177303,0.06049695539270688,0.1225,0.7776017238982923,0.013789370233719274,0.39597130242825607,1000000.0,True,0.416090556687746,常规
E291,0.0368448871139056,0.1255906382619637,0.3855565815087898,0.45200789311534084,75.09091602085219,D,1.108573540972764,0.4759958446517604,0.15,0.4903662190397689,-0.16613849488720084,0.8890728476821191,0.0,False,1.051321101782101,常规
E292,0.08108031019769667,0.6039609324260818,0.28921824747550906,0.025740509900712426,41.98729856930791,B,0.9612428498637391,0.07056127526482293,0.1425,0.8241507583467093,0.012650370190185714,0.5160044150110376,1000000.0,True,0.38580744491132907,常规
E293,0.030029744374112023,0.1903133750747249,0.6219832607552753,0.15767361979588773,63.57669186576462,C,1.0076199806414028,0.20680351379863765,0.15,0.7530586723879422,-0.014027135110465425,0.5518763796909493,0.0,False,0.6847828170030617,常规
E294,0.6794847567590612,0.1536904957495799,0.1453364431906459,0.02148830430071299,16.960943167767024,A,0.9132319623334794,0.04948454201245919,0.0985,0.6805485690230052,0.01565805819411268,0.35761589403973515,1000000.0,True,0.3901912422789251,常规
E295,0.4728337438249263,0.2759929247946865,0.20416245974297711,0.04701087163741008,27.511681973095698,A,1.1775769253358868,0.07971225924670869,0.1425,0.8206970484559651,0.011258027237846812,0.34105960264900664,0.0,False,0.5026151059111039,常规
E296,0.03925835699119286,0.3215004491750134,0.5660463550461592,0.07319483878763453,55.77258918767451,C,1.0054298878900072,0.12522926849565402,0.15,0.827709294468301,0.00426776680742005,0.7213024282560707,0.0,False,0.5312547245835975,常规
E297,0.04088455499536626,0.33202976483150964,0.48551846274016,0.1415672174329641,57.59227808702406,C,1.124347728322142,0.18691622018967616,0.15,0.7664505694072135,-0.008621762204936795,0.6746688741721854,0.0,False,0.6656272697984918,常规
E298,0.12370351563725417,0.3522618075579948,0.48413776810313275,0.03989690870161829,48.007602328970506,C,1.1057799057955453,0.08943776208839782,0.1425,0.8130917478779522,0.009917770141741819,0.37003311258278143,0.0,False,0.49926022311261953,常规
E299,0.06543567080375307,0.36523321543062637,0.5380340854677117,0.03129702829790881,51.173082375325876,C,0.9882041910798107,0.08431801932099917,0.1425,0.8180538144647267,0.01058598945143117,0.418046357615894,0.0,False,0.5734972342121846,常规
E300,0.05008990130983661,0.5443911945674124,0.3533599245041637,0.052158979618587356,46.9195994143834,B,1.002641729810542,0.09818838002502321,0.1425,0.8005152936125359,0.00883949050026113,0.48675496688741715,0.0,False,0.786070386703757,常规
E301,0.08157924501911368,0.6954519696872534,0.1986198708517859,0.024348914441846947,38.85794849054553,B,0.8685402702210407,0.06625399469804358,0.1425,0.8256492038552891,0.01329355172724995,0.39321192052980125,1000000.0,True,0.4688242599163164,常规
E302,0.6151956170843113,0.20052228382455242,0.15704351283318238,0.027238586257953903,19.87750227549263,A,1.0099443971618305,0.056609239857669816,0.1225,0.7831786346475919,0.014286524578168066,0.3206401766004415,1000000.0,True,0.36043214810610447,常规
E303,0.2592240259467213,0.5484036176554656,0.1682089259761818,0.02416343042163124,31.91039202909076,B,1.06921766521209,0.061416532393448436,0.1225,0.7772381866232377,0.013607064011376142,0.3901766004415011,1000000.0,True,0.31956048484517724,常规
E304,0.4663682070815602,0.2848570995937493,0.2090881803834472,0.03968651294124337,27.403099972812463,A,1.1687316259947669,0.07311169869975986,0.1425,0.8266269961170496,0.012030058230757862,0.23344370860927152,1000000.0,True,0.5824630142683422,常规
E305,0.03847483259010686,0.4457800487975787,0.4793835687499546,0.036361549862359836,50.45439452948558,C,0.9584801484945653,0.08770843942143301,0.1425,0.8129999947444604,0.010246022116151242,0.5477373068432672,0.0,False,0.6015838123076591,常规
E306,0.5655699989407137,0.2248874166044869,0.17638418144130774,0.03315840301349164,22.571032950919243,A,1.0768926212611154,0.06384308534622032,0.1225,0.7772007042626031,0.013068719274990707,0.4939293598233995,0.0,False,0.3217867134252263,常规
E307,0.050834387289277715,0.20829841355135037,0.5339899241410627,0.20687727501830916,63.23033622961345,C,1.1391956680972102,0.24980110131675298,0.15,0.7094055982051471,-0.029001641335609334,0.7375827814569537,0.0,False,0.6662243725775097,常规
E308,0.4608096257205116,0.09763086114376338,0.3904311765894096,0.051128336546315344,34.39594079871762,A,1.103393568871899,0.08997748743769854,0.1425,0.8161570889452145,0.009655891605365036,0.25055187637969095,0.0,False,0.6305036507217159,常规
E309,0.5112414607634358,0.2512005987227253,0.191790381421428,0.045767559092410905,25.736134628093797,A,1.147902039314955,0.07734239415791877,0.1425,0.8231811614029776,0.011521092190759362,0.461644591611479,0.0,False,0.39092931710904844,常规
E310,0.3895613921724519,0.24025965184456952,0.3321973743326473,0.037981581650331275,33.95330484869527,A,1.2001861294619758,0.0771475431700547,0.1425,0.8248641784183423,0.011445556219292287,0.38631346578366443,0.0,False,0.489648566031524,常规
E311,0.4697604617929304,0.26747494039209757,0.22608891861587663,0.036675679199095396,27.65599384070456,A,1.1650380356042769,0.07076745146993822,0.1425,0.8292334924402386,0.012249516790839745,0.43460264900662254,1000000.0,True,0.415123443564086,常规
E312,0.0966961276893871,0.715744530999285,0.15526051298773058,0.032298828323597255,37.43873473151793,B,0.8653367023974512,0.07199824077265278,0.1425,0.8196349353384991,0.012716054361790049,0.4072847682119205,1000000.0,True,0.7570043674075974,常规
E313,0.11084659315014933,0.5558170038773342,0.31140941149436374,0.021926991478152635,41.48056004335066,B,1.0173260840867617,0.0670889615623591,0.1425,0.8283737315335619,0.012942515128231441,0.48509933774834435,1000000.0,True,0.3710113919770048,常规
E314,0.04948523470885151,0.5743978258906904,0.2894864797009203,0.08663045969953781,47.10873881303815,B,1.0379898087505923,0.128551345176704,0.15,0.8136053619637443,0.003997914252152849,0.5535320088300221,0.0,False,0.4110756281435551,常规
E315,0.18601311812554716,0.5224657674225635,0.25515544509573074,0.036365669356158634,38.06245552275003,B,1.1210780095370825,0.07728024493667542,0.1425,0.8191051440735805,0.011797918195736466,0.2753863134657837,0.0,False,0.4171614638660144,常规
E316,0.04111760915991081,0.47614664548854,0.3994344532405504,0.0833012921109988,50.83064761008791,B,1.0581254097938737,0.12921387418260655,0.15,0.8172741784333448,0.00379816191717108,0.5259381898454747,0.0,False,0.4016653496453546,常规
E317,0.2601591704821401,0.2621128915722569,0.38309747836956703,0.09463045957603587,43.73997423464995,C,1.2919446055719368,0.13482892051570816,0.15,0.8150145130200415,0.002806429526413381,0.517935982339956,0.0,False,0.36523940736050253,常规
E318,0.16474770517660944,0.5959950330260376,0.2076193566549208,0.03163790514243214,36.871582058772525,B,1.0411833381007662,0.07169991027870556,0.1425,0.8224841686334894,0.012568136787699122,0.35071743929359817,1000000.0,True,0.35339742550743464,常规
E319,0.4416706711983828,0.3198289167938372,0.20203220166903058,0.03646821033874939,27.776598371604884,A,1.1693977640800164,0.07035780613554035,0.1425,0.8284709762148144,0.012374480087292371,0.31291390728476826,1000000.0,True,0.47274442253153076,常规
E320,0.02894741615378454,0.1438035193122268,0.6868804565280591,0.1403686080059296,64.6223418795378,C,0.9150192164746123,0.19267194833235032,0.15,0.7689529317716948,-0.009859228557779258,0.771523178807947,0.0,False,0.8167421906357862,常规
E321,0.5907798829442298,0.20494256302885525,0.1710780808008289,0.0331994732260861,21.556571476959043,A,1.0508866400246508,0.06318739371311113,0.1225,0.7777929869396947,0.013179677079831463,0.38465783664459163,1000000.0,True,0.4784868934879985,常规
E322,0.05589521655479365,0.6527762388707092,0.26161476872259837,0.02971377585189873,42.17157012905341,B,0.8949124684200924,0.07391117681448615,0.1425,0.8199774155762999,0.012347537212436404,0.5372516556291391,1000000.0,True,0.41070281704836203,常规
E323,0.044145017862319946,0.18270224332809448,0.5657930374145508,0.2073597013950348,64.54558074474335,C,1.096793148974561,0.2514416090030592,0.15,0.7090318699566137,-0.029516275280212466,0.47737306843267113,0.0,False,0.7672448000862058,常规
E324,0.11940132381762103,0.42810781195358144,0.36283259232220827,0.08965827190658927,47.42492707725886,B,1.2010356363585568,0.13237957177763904,0.15,0.8141359015060141,0.003275005006627106,0.5717439293598234,0.0,False,0.6911506355962352,常规
E325,0.11683170279801446,0.5374296803506151,0.3050402048036418,0.04069841204772867,42.32017753670282,B,1.0770374729767838,0.08442968259246199,0.1425,0.812770951314233,0.010872450285093871,0.42963576158940403,0.0,False,0.7388001990568542,常规
E326,0.12566171867389347,0.5727437266575633,0.27015179999511985,0.03144275467342335,40.2458530222691,B,1.042188341668996,0.07438302085594199,0.1425,0.821019985182879,0.012191577936501025,0.3923841059602649,0.0,False,0.41835884065761236,常规
E327,0.08491442907792861,0.29388549267011527,0.5259489895563798,0.09525108869557629,54.38455792898679,C,1.1311974706847892,0.1437334691602747,0.15,0.809450094753055,0.001194086857736712,0.5038631346578367,0.0,False,0.5527207007933941,常规
E328,0.22182012929156325,0.2764208892254465,0.4395933714539306,0.06216561002905957,44.736815407349546,C,1.2234640257245306,0.10691447076076852,0.1425,0.7980082084633918,0.007187984803810717,0.5080022075055187,0.0,False,0.32009949870896875,常规
E329,0.05071737636147952,0.2916174243823343,0.6386141800828806,0.019051019173305553,54.19996140226707,C,0.8724207056962743,0.07640701958615041,0.1425,0.8275148093606615,0.011400060326604913,0.49116997792494493,0.0,False,1.009142763858215,常规
E330,0.07891117909127936,0.30335850130569736,0.5939980280624383,0.023732291540585003,52.08504773507763,C,0.9604295944014292,0.07876283914932405,0.1425,0.8247375354504157,0.011170731894082742,0.28449227373068436,0.0,False,0.5973916840030324,常规
E331,0.0276124761412149,0.20010811425926728,0.7080992578955243,0.06418015170399353,60.29490283874321,C,0.8417260409076992,0.12166461295516441,0.15,0.8365946242895805,0.004630154565961511,0.6586644591611479,0.0,False,0.3500371051361148,常规
E332,0.031021153149850534,0.3453934147623295,0.5347034265419022,0.08888200554591782,56.04820948279624,C,1.024798324848818,0.13913577860048326,0.15,0.8132229482570467,0.002029187242484437,0.7171633554083886,0.0,False,0.7241522669538849,常规
E333,0.08310114654228945,0.2685997804149969,0.5403353612149906,0.10796371182772302,55.77205461093824,C,1.1327482901739194,0.15621453036568667,0.15,0.798256585399942,-0.0012537405761093717,0.4820640176600442,0.0,False,0.5057091707584318,常规
E334,0.0878242558823843,0.32368767502671236,0.5012479461822505,0.08724012290865274,52.93013120390573,C,1.1377129441972844,0.13531656142396314,0.15,0.8164223364779521,0.0026955513462583493,0.6928807947019867,0.0,False,0.4044829949822617,常规
E335,0.04627090475126409,0.29189843918042613,0.47567792341523363,0.1861527326530762,60.05708279900406,C,1.1680238322602774,0.22845980173134778,0.15,0.7270572734029523,-0.02141503221281782,0.544701986754967,0.0,False,0.641376345203211,常规
E336,0.0228921694838094,0.0718054617061804,0.5773915009394921,0.32791086787051804,73.67736890655729,C,0.9583321587128169,0.36576543784815735,0.15,0.6015784210823552,-0.08596560642331982,0.7974613686534217,0.0,False,1.0256869281681473,常规
E337,0.6385738039494893,0.18363367895520064,0.15757858224880977,0.020213934846500258,18.647754933077366,A,0.9676773852133672,0.0495312066152668,0.0985,0.6798044171734158,0.01567959133813923,0.44922737306843263,1000000.0,True,0.5923366518604801,常规
E338,0.043097945668974444,0.36608087061879746,0.5389655091883295,0.051855674523898505,53.31929708557174,C,0.9899796455746931,0.10416573706201412,0.1425,0.7998908241825559,0.007671037762089546,0.43598233995584995,0.0,False,0.4429852824217157,常规
E339,0.04964819775080091,0.6041945038975923,0.2999736875303481,0.0461836108212587,44.756423714068816,B,0.9567192664992934,0.09081145568103009,0.1425,0.8057222375191075,0.010041934736183918,0.661699779249448,0.0,False,0.38169621586126884,常规
E340,0.3006798371773934,0.2694962064846785,0.3637735897864936,0.0660503665514345,39.83981619039897,C,1.26203101990256,0.10644770857998655,0.1425,0.7978462063901034,0.0072881074788852425,0.7185430463576159,0.0,False,0.9864123008240168,常规
E341,0.2555821981679083,0.2288148862829872,0.43266258045061945,0.08294033509848504,44.76536841598937,C,1.2551084158480519,0.12555053880247502,0.15,0.8256656636765202,0.004262380591337187,0.6258278145695364,0.0,False,0.6156956296622328,常规
E342,0.16260177902574005,0.5115361657280872,0.24729809918111267,0.07856395606506002,41.39414107618309,B,1.183629320334022,0.11723489799477382,0.15,0.8244531904115292,0.005751809122858262,0.41390728476821187,0.0,False,0.37397452974426115,常规
E343,0.10114714361114166,0.2999118745274469,0.553874525658758,0.04506645620265342,51.4286764817641,C,1.0598473613229211,0.09706886428734866,0.1425,0.8076754615398755,0.008737522207654946,0.488962472406181,0.0,False,1.1607423729493584,常规
E344,0.09251223422477535,0.6291518840952023,0.1855519099040112,0.09278397177601112,42.62025397437527,B,1.0448951011176077,0.1300321537616397,0.15,0.8087450040209618,0.003818950352027648,0.5204194260485652,0.0,False,0.4339757239940466,常规
E345,0.05076139962990804,0.6156950799422551,0.17737442849714255,0.15616909193069423,47.96504042428743,B,1.0466596045425143,0.19030234569018933,0.15,0.751007097066136,-0.010034998048444349,0.39155629139072845,0.0,False,0.4489238101500461,常规
E346,0.5107460212240376,0.29562986998371293,0.12457386868349718,0.06905024010875226,25.06427758923213,A,1.1474652658982205,0.09705821306344302,0.1425,0.8037417235963404,0.008918326780871004,0.33774834437086093,0.0,False,0.5284800792714104,常规
E347,0.5681007123521983,0.21154369485457797,0.1120404153439124,0.10831517744931134,25.352335263011227,A,1.1358301156948793,0.1324327122442677,0.15,0.8115171003178983,0.0033111333357503034,0.32450331125827814,0.0,False,0.527952050371009,常规
E348,0.522241509456567,0.2139870279735165,0.19425358499943085,0.06951787757048558,27.034927689461163,A,1.1728436617734113,0.09955878763743334,0.1425,0.8035287111479285,0.00843671533774398,0.3609271523178808,0.0,False,0.6267077158195509,常规
E349,0.0453634929257371,0.07452835087084508,0.6803321787690209,0.1997759774343969,67.81735469040258,C,0.9176272119646418,0.2480521509192355,0.15,0.7168593219682148,-0.027762552493747275,0.7560706401766004,0.0,False,1.1942534958592816,常规
E350,0.06889810952847869,0.404019880174998,0.2541657312463006,0.27291627905022264,57.70333932727557,B,1.2530254998366472,0.3023821981032536,0.15,0.6489554770151081,-0.053492936044545955,0.4828918322295806,0.0,False,0.5353132584797555,常规
E351,0.03464158906604676,0.2706824172482754,0.3006534199991303,0.39402257368654753,68.46856594353929,D,1.1985156945273487,0.4186468285050763,0.15,0.5408640451830987,-0.12334541811421054,0.5212472406181016,0.0,False,0.6470937196506296,常规
E352,0.37481002136498753,0.22092326643834312,0.2839809740776114,0.12028573811905796,38.324747631691324,A,1.3136356850487927,0.15335446345290515,0.15,0.7955155117502705,-0.0006859357425197353,0.39900662251655633,0.0,False,0.6280499444322062,常规
E353,0.28365368940510216,0.27638394973373714,0.2710356848814675,0.16892667597969319,44.17451158119172,A,1.3670629587635568,0.20060323060384558,0.15,0.749006348978257,-0.012701089602754408,0.5971302428256071,0.0,False,0.5992563126382588,常规
E354,0.06384194594739417,0.653742666142116,0.1795531795952232,0.1028622083152666,44.047855009278734,B,0.9958089391882996,0.13991417470974007,0.15,0.7987235176137593,0.0020300394363856993,0.6490066225165562,0.0,False,0.46310870036337115,常规
E355,0.4644899825903778,0.25523620083224174,0.13979580581796747,0.1404780107594129,31.87539482488051,A,1.2554950411027737,0.16576510617542242,0.15,0.7795330247870449,-0.0034756852724064577,0.3976269315673289,0.0,False,1.3184761808082814,常规
E356,0.086735002050288,0.22382347118986046,0.4561843838081927,0.23325714295165878,61.198788922040734,C,1.244671406812587,0.27133403330415834,0.15,0.6866124714625784,-0.03802457282466738,0.5830573951434879,0.0,False,1.1534425520840514,常规
E357,0.08432205703614609,0.46418028724059246,0.30865832933293036,0.14283932639033103,50.333830835914874,B,1.2055924622022633,0.18138840237559978,0.15,0.7652511391069498,-0.007368391702924762,0.4729580573951435,0.0,False,1.0150233833876003,常规
E358,0.11482117521042323,0.6061645646975206,0.1919022806802771,0.08711197941177914,41.710168809780406,B,1.0813532708826963,0.12444144543431347,0.15,0.8146361696314597,0.004737631572978997,0.668046357615894,0.0,False,1.1296449980625671,常规
E359,0.4656074116469534,0.23906641064683215,0.21395089051054256,0.0813752871956719,30.36980177516443,A,1.2320824675750413,0.11253926792987647,0.1465,0.8145484237258752,0.006298071293827631,0.5584988962472406,0.0,False,1.109681422427969,常规
E360,0.03517353285738407,0.049489625020687,0.32783052985079564,0.5875063122711334,82.25565405118928,D,0.9445992270035991,0.6017041983608297,0.15,0.3697355851086393,-0.2846930822838595,0.8228476821192053,0.0,False,1.3583903984439778,常规
E361,0.07403521129436476,0.40601869812579905,0.3995172619891575,0.12042882859067874,52.211323595871676,B,1.1801646208678387,0.1634953604224164,0.15,0.7855764443319437,-0.002893723166796487,0.4685430463576159,0.0,False,0.4378119494642751,常规
E362,0.02549845362267812,0.18004803426581634,0.7254118350349807,0.06904167707652478,61.26655785217841,C,0.8196754976506606,0.12685622853273695,0.15,0.8323724546859814,0.003879533600365928,0.7364790286975716,0.0,False,0.6833596957274746,常规
E363,0.033237110451939215,0.11592346300270263,0.27101587946322697,0.5798235470821312,79.91419543918501,D,1.0327912476704109,0.592637467805377,0.15,0.37594302097167914,-0.27623100096336917,0.4928256070640176,0.0,False,0.847258590583713,常规
E364,0.4706186056137085,0.30249878764152527,0.14212538301944733,0.08475722372531891,28.034040828545887,A,1.2028707216220755,0.11325236475074685,0.15,0.829137610144302,0.006278788780232882,0.46909492273730685,0.0,False,0.5862363393569565,常规
E365,0.060875083570833315,0.31747337820969473,0.4268718016124688,0.19477973660700318,58.51853970852139,C,1.2166630942136105,0.2346725544574739,0.15,0.719489634580615,-0.02375152919185878,0.5584988962472407,0.0,False,0.59982043203143,常规
E366,0.03430895918207943,0.28233549314367207,0.42685866832947733,0.2564968793447712,63.518115594564684,C,1.1851453320677063,0.29332856405254976,0.15,0.663854879517375,-0.048179197432045975,0.5949227373068432,0.0,False,0.8953664674275787,常规
E367,0.03352189274212492,0.5554192989302766,0.31775884281521677,0.09329996551238168,49.02789603659517,B,1.0260298934899725,0.13609191235884646,0.15,0.807382203193888,0.0026789451992253084,0.7066777041942606,0.0,False,0.8320218988449073,常规
E368,0.012861286957796371,0.040325380035528574,0.08440453386222968,0.8624087991444453,93.2120281731108,D,0.521785883773916,0.8529701604311747,0.15,0.12313768910288977,-0.6164080393673922,0.6915011037527594,0.0,False,0.7911300052405714,常规
E369,0.07345222517582271,0.4994314201303254,0.26861225958290114,0.15850409511095073,50.40560748763265,B,1.183588023704095,0.19504115083132192,0.15,0.7506084068945568,-0.011232884361125933,0.5314569536423841,0.0,False,0.5839240409644695,常规
E370,0.499412043039842,0.2550006125308368,0.19899005520749652,0.0465972892218247,26.425753020376796,A,1.1593560166980619,0.07860470687306292,0.1425,0.8220275647063456,0.011371600921602883,0.6114790286975718,0.0,False,1.2590400706850124,常规
E371,0.03193811786728044,0.1579009600370264,0.25646857114417215,0.553692350951521,77.73050517266446,D,1.0777474736253476,0.567581124966568,0.15,0.3989094255371935,-0.25100407829097937,0.5154525386313465,0.0,False,0.6930304558528436,常规
E372,0.17480684751716685,0.6313076591815514,0.14242733961929627,0.05145815368198546,35.684559982203346,B,1.0255091258235232,0.08800498667291995,0.1425,0.8063426980996308,0.010553357247946982,0.3565121412803532,0.0,False,0.5917653864905149,常规
E373,0.035012363344062464,0.2311356296796909,0.38810278808764254,0.3457492188886041,68.15296208402627,C,1.1904529179563261,0.37607091491613637,0.15,0.5844544005335489,-0.09394277386075495,0.44067328918322296,0.0,False,0.7585279069623527,常规
E374,0.1451835250191476,0.21965015916452524,0.21198309415503266,0.42318322166129446,63.77220041528246,D,1.3058517734714639,0.44090185280213084,0.15,0.5182081823500165,-0.14015413241928654,0.619757174392936,0.0,False,1.0576615997066927,常规
E375,0.34961931855620987,0.31068467167959596,0.24415516125693437,0.09554084850725983,36.18725132384147,A,1.2991977952226663,0.12926229847890036,0.15,0.8161539716713366,0.003812544061319447,0.4210816777041943,0.0,False,1.2151284690909758,常规
E376,0.021548130316853934,0.0769394147559199,0.1973564518180916,0.7041560031091346,86.1373442573169,D,0.8472650276204219,0.7075137687637454,0.15,0.26469314887816786,-0.4099436937667349,0.6647350993377483,0.0,False,1.1297117646570785,常规
E377,0.024647287289879104,0.09782742417372989,0.08467064545540078,0.7928546430809902,88.19108814425006,D,0.7117602721528301,0.7872481768338123,0.15,0.18518235405309008,-0.5192410593316872,0.6986754966887417,0.0,False,0.6272811577427322,常规
E378,0.030244644618613106,0.23994262427112972,0.12347667618290828,0.6063360549273489,76.8634713806331,D,1.0099315051148485,0.6127977418248799,0.15,0.3509761177743923,-0.30036678708442804,0.5364238410596027,0.0,False,0.68509336919149,常规
E379,0.14133186006552606,0.3545537134459445,0.21108677039652599,0.2930276560920035,55.193674083833564,B,1.332201865757573,0.31840519392889644,0.15,0.6333606822802501,-0.06174396540255276,0.5165562913907285,0.0,False,0.5787600084542861,常规
E380,0.03627461885996731,0.07063797756078873,0.3727354053745358,0.5203519982047081,79.23882609746616,D,1.0152809762755388,0.539933522109237,0.15,0.4296826979973554,-0.22238583428972863,0.7593818984547461,0.0,False,1.2236932237569893,常规
E381,0.034868963842145294,0.32503107916633217,0.4281503653857939,0.21194959160572868,60.57268615850353,C,1.174318672345568,0.2514166241509032,0.15,0.7033500413104012,-0.030085237364804007,0.5631898454746137,0.0,False,1.089043953636654,常规
E382,0.13634530793591415,0.15917431833820586,0.46336661388377504,0.24111375984210492,60.30829418773569,C,1.2636199466168998,0.27794592673124213,0.15,0.6815150467416722,-0.04074885249459309,0.4530905077262693,0.0,False,1.2124174723108025,常规
E383,0.00912666616347307,0.022927740994493552,0.09141349954237835,0.876532093299655,94.51170066594051,D,0.4636307680774703,0.8665757994888468,0.15,0.11055636291925276,-0.6373537853414042,0.9111479028697572,0.0,False,1.0899190734439161,常规
E384,0.0330203098578728,0.07736830355697644,0.22826787659326286,0.6613435099918878,83.93115289063886,D,0.9212783717082913,0.66798684049342,0.15,0.30332194965014725,-0.36087006214183603,0.6501103752759382,0.0,False,0.7758649093567525,常规
E385,0.01574551183574782,0.03843595596083098,0.09096761369776848,0.8548509185056528,92.8307979624442,D,0.5427533876130295,0.8460110626809407,0.15,0.12999838261608868,-0.6055307502495133,0.8076710816777042,0.0,False,1.0717888413995025,常规
E386,0.05526473930993175,0.1323176219718851,0.5979482732025327,0.2144693655156504,65.72074216413006,C,1.0653347594602105,0.2589665787998066,0.15,0.70343519267752,-0.03231565244635449,0.6305187637969095,0.0,False,0.8548455896337867,常规
E387,0.06043784320354462,0.14431463181972504,0.4496157169342041,0.34563180804252625,69.34804966052373,C,1.1755539142203992,0.37746439019647926,0.15,0.5860507645974308,-0.09415871040314425,0.577262693156733,0.0,False,1.2200812650592876,常规
E388,0.5323058446095265,0.20854045761436907,0.13163358169248077,0.1275201160836237,28.478932308340056,A,1.1920942639667953,0.15189836079647756,0.15,0.793390709097159,-0.0003922189780379802,0.36782560706401773,0.0,False,0.6358571304163576,常规
E389,0.02443897501470186,0.026799814376237775,0.33075654013817696,0.6180046704708834,84.74423020217472,D,0.8510657800140282,0.6307372165737061,0.15,0.3423568252956403,-0.31615354930606937,0.7152317880794703,0.0,False,1.2850341648940315,常规
E390,0.023873382067616,0.02548789114282042,0.34810118246352384,0.6025375443260398,84.31009630159959,D,0.8552827023489447,0.6167577775150427,0.15,0.3561994397197649,-0.30049891867934175,0.6992273730684326,0.0,False,1.113965497619817,常规
E391,0.5263441604992688,0.19633532329144615,0.1907635409100525,0.08655697529923263,27.9177777003083,A,1.1852707726350933,0.11540216445529979,0.15,0.8300126287127951,0.005881195116470606,0.3818984547461368,0.0,False,1.1577679222227408,常规
E392,0.1826887915915971,0.3514815657447835,0.2400848722407298,0.22574477042288957,50.296187383163726,B,1.3566055517515982,0.25515961606946286,0.15,0.6947308533580431,-0.032101986258720745,0.3741721854304636,0.0,False,0.6477923551879624,常规
E393,0.3501948118209839,0.20572637021541595,0.11892540752887726,0.3251534104347229,47.30124721924464,A,1.311262867080604,0.3413110456754873,0.15,0.6116044743927611,-0.07430435413960138,0.4332229580573952,0.0,False,0.7635332345601757,常规
E394,0.0288052441774822,0.10951709543322967,0.2052523157512338,0.6564253446380544,82.97659202832868,D,0.9457340772843501,0.6626842927803234,0.15,0.3073121716984261,-0.3551301693703305,0.4633002207505519,0.0,False,0.9921186321025018,常规
E395,0.03465595430147699,0.329759772906902,0.20353634428006026,0.43204792851156076,67.76587490005682,D,1.1689501015666912,0.45124720476258723,0.15,0.5062760659815289,-0.1487329550474525,0.707505518763797,0.0,False,0.6672915583731198,常规
E396,0.011428369741345278,0.08716260302637718,0.1926669717145605,0.7087420555177171,86.62409043362165,D,0.8250553079387374,0.711885626798205,0.15,0.2602206221079117,-0.4156713994392821,0.7353752759381899,0.0,False,0.7619254110174903,常规
E397,0.08506680343349876,0.08165498138707117,0.14515361297990093,0.6881246021995291,81.21120046484867,D,0.9515499854717879,0.6893898516368961,0.15,0.2807084347121511,-0.3879785706842836,0.5361479028697572,0.0,False,0.9350094368773889,常规
E398,0.021973036638890144,0.04174636754666208,0.32808736577792774,0.60819323003652,84.08335964040259,D,0.8845611927576593,0.6214621824523615,0.15,0.35093435680786805,-0.3060099046942083,0.662251655629139,0.0,False,0.7773733579207699,常规
E399,0.014239278061967144,0.04918087402085259,0.11606401507723371,0.8205158328399466,91.42854675650531,D,0.6209601353882301,0.8145416478746388,0.15,0.16059350321703447,-0.5578205766088296,0.6539735099337748,0.0,False,0.8920727202352924,常规
E400,0.03117075248008133,0.294239854332802,0.12970178070853988,0.5448876124785769,72.94354177285373,D,1.0638306955788053,0.5551278111910982,0.15,0.4055025508016681,-0.24084745035241129,0.5896799116997792,0.0,False,0.8878976812690483,常规
E401,0.00999655419949707,0.03595263624786365,0.06733268712583125,0.886718122426808,94.35907925933168,D,0.4538810976100387,0.8753545412283774,0.15,0.10134045610430314,-0.651846781182966,0.6056843267108168,0.0,False,0.8721287198026795,常规
E402,0.008816877330745324,0.04308792552116555,0.09005600163681804,0.8580391955112711,93.24391717762049,D,0.5253683904935327,0.8491256552892419,0.15,0.1269147347902177,-0.6103963081631706,0.8007726269315674,0.0,False,0.9294525626842993,常规
E403,0.05021015721443396,0.35838456473413777,0.21669678992157917,0.3747084881298491,63.86345363222811,D,1.2171627842604662,0.39737329217530926,0.15,0.5577564507812406,-0.10939924271353794,0.4254966887417219,0.0,False,0.7152941949673921,常规
E404,0.008878097844650696,0.019497161676649485,0.05891681818594183,0.912707922292758,95.84848549756025,D,0.3689081435790371,0.8995705362982704,0.15,0.07819825470110199,-0.6909554285843766,0.6843267108167771,0.0,False,1.0212280209638478,常规
E405,0.011499839545697284,0.02941030935004507,0.07615238236625275,0.8829374687380049,94.35091600988551,D,0.4610847804870888,0.8720546952683828,0.15,0.10482603872086926,-0.6463645618235938,0.7527593818984547,0.0,False,1.179316979299012,常规
E406,0.013152309583154706,0.05318801060440755,0.10173483107647535,0.8319248487359624,91.74774063217484,D,0.5986026581932189,0.8248336807962448,0.15,0.1503140537884988,-0.5733966946027474,0.6658388520971302,0.0,False,0.8097786187853033,常规
E407,0.03966946811222729,0.10262242475250904,0.2984039418756081,0.5593041652596557,79.2447601427564,D,1.0475129435601176,0.5740880489270735,0.15,0.39460794965436347,-0.2567395334670417,0.6779801324503311,0.0,False,0.8269892138879953,常规
E408,0.012305287205732754,0.08131880638814408,0.09429143746805546,0.8120844689380677,90.20516960461528,D,0.6498675241239135,0.805925265906671,0.15,0.16779006938743432,-0.5458675200272194,0.5745033112582782,0.0,False,0.737773297603322,常规
E409,0.05313312496270286,0.07410324171661328,0.07105072402449299,0.8017129092961909,87.37811392180573,D,0.7138479897517165,0.7945526333106159,0.15,0.17823953072710053,-0.5296678744204149,0.5361479028697572,0.0,False,0.8683505790112888,常规
E410,0.10496581815030358,0.11465762323100671,0.13146809331185041,0.6489084653068393,77.47730685917419,D,1.0323085224687505,0.6516051722900409,0.15,0.31604162189836527,-0.34307706008688743,0.5571192052980133,0.0,False,0.8985033018903897,常规
E411,0.029577324927697893,0.06090377789349191,0.04848453594429285,0.8610343612345174,91.365864449521,D,0.550138735110256,0.8501474746611746,0.15,0.12462625575918489,-0.6128907164149037,0.7055739514348787,0.0,False,0.7454252990509864,常规
E412,0.16515667982632934,0.21234891135020423,0.10460394776767415,0.5178904610557923,65.84093966843099,D,1.203382707183951,0.5261208546361421,0.15,0.4340346983749109,-0.2128713529416305,0.43322295805739514,0.0,False,0.7988832113010845,常规
E413,0.01091293818576367,0.020858329061434238,0.06874140441639318,0.8994873283364089,95.22677076344824,D,0.4093557700988461,0.8874047994067515,0.15,0.09007493458437961,-0.6709831103379809,0.6026490066225166,0.0,False,1.1116763912306944,常规
E414,0.014126139179878469,0.027281167857381005,0.10588605317328491,0.8527066397894556,93.23910645241058,D,0.5320539354850503,0.8445173246782213,0.15,0.13197804826720688,-0.6028562836794277,0.7637969094922737,0.0,False,1.146936716174847,常规
E415,0.06605262161673706,0.13396316467307884,0.18953682058594776,0.6104473931242363,78.14596617392277,D,1.0653031633649843,0.6181087301001211,0.15,0.34924447215169385,-0.3046243437467046,0.6098233995584988,0.0,False,1.21401173637672,常规
E416,0.010412122627596002,0.031901492361290695,0.19308739109351747,0.7645989939175959,90.39577521003712,D,0.6802081775961696,0.764511881782565,0.15,0.21070604587641045,-0.48503051302808853,0.6291390728476821,0.0,False,1.2298072587741908,常规
E417,0.015906049294159917,0.02250262586405782,0.1683135070274809,0.7932778178143014,91.29876977873079,D,0.6348766338126536,0.7905841770218158,0.15,0.18526894610876896,-0.5219038216510309,0.6768763796909493,0.0,False,1.1023881959820587,常规
E418,0.010284754785099257,0.024822049272277342,0.09587320131795622,0.8690199946246672,94.12094785940637,D,0.48561476705137324,0.8596260310788274,0.15,0.11729445993276698,-0.6263908290092034,0.6779801324503311,0.0,False,0.8851106086771339,常规
E419,0.013132066932489589,0.03280090052035244,0.1529127454285656,0.8011542871185924,91.40297509110869,D,0.6337580514150283,0.7975496146275635,0.15,0.17804782753912196,-0.5322548125193302,0.6851545253863135,0.0,False,1.2293115750858723,常规
E420,0.14689234842015994,0.10374020398630932,0.13146423803775617,0.6179032095557746,74.01261029097151,D,1.0810257186119154,0.621548533577629,0.15,0.34502561738020365,-0.3088522096552779,0.39679911699779247,0.0,False,0.7937328139389374,常规
E421,0.0166284080611881,0.027314875916471665,0.16974762813385003,0.7863090878884902,90.85791319498807,D,0.6565335903732874,0.7840552447205786,0.15,0.19148178287800305,-0.5126452160183337,0.7974613686534217,0.0,False,1.1238503142723124,常规
E422,0.02912409487853429,0.06800659910605436,0.12791729283132555,0.7749520131840858,88.28990747736543,D,0.7464229990194768,0.7717256339583428,0.15,0.20160589334682893,-0.49638208210754753,0.6001655629139072,0.0,False,1.292450509086698,常规
E423,0.009509803249007673,0.016796647657622607,0.04712508754361912,0.9265684615497506,96.35840691313709,D,0.3275447102849939,0.9122190128255121,0.15,0.06583289330866351,-0.7120399298763354,0.7389624724061811,0.0,False,1.1560471302974322,常规
E424,0.008120433699652192,0.015258062211135626,0.0459515095262363,0.9306699945629758,96.63903549841785,D,0.31131328404181635,0.9160707016433806,0.15,0.062138285736397174,-0.718468381490382,0.9136313465783664,0.0,False,1.1327019412246337,常规
E425,0.009451705064555707,0.012829419869369989,0.03891135755092048,0.9388075175151538,96.90248958388908,D,0.28555016805528777,0.9234729695203856,0.15,0.05491225387114755,-0.7309998254556118,0.7086092715231788,0.0,False,1.2400952002596128,常规
